"group","chi_sq","pval"
"Temperature",8.33605363410908,0.0154827803611582
"Precipitation",0.610159425369319,0.73706461865035
"Humidity",1.49904835589942,1.49904835589942
