"Data","Intercept","Z_value","P_value"
"Overall_dataset",-0.0540450652337726,2.62245891358221,0.00872977930061148
"Temperature",-0.0766988340821624,1.22512887313862,0.220526668004583
"Precipitation",-0.0614185076977187,2.70999255847253,0.00672847177111053
"Humidity",0.0726893002326188,0.0496065199124122,0.960435950892103
