"Data","Intercept","Z_value","P_value"
"Overall_dataset",-0.0418498201283903,2.65859726696926,0.00784666971478095
"Temperature",-0.0547623946615423,1.33647267874028,0.18139482478417
"Precipitation",-0.0560727699032616,2.70749157355764,0.0067793791768133
"Humidity",0.0726893002326188,0.0496065199124122,0.960435950892103
