"Data","P_value","Z_value"
"Overall_dataset",0.00784666971478095,2.65859726696926
"Temperature",0.18139482478417,1.33647267874028
"Precipitation",0.0067793791768133,2.70749157355764
"Humidity",0.960435950892103,0.0496065199124122
