"Variable","P_Value","Test_Statistic"
"Temperature",0.000671633937686322,0.257246376811595
"Precipitation",0.445149361066906,0.0897867564534231
"Humidity",0.0794413230143676,0.22997542997543
